Dataset,Neurons with Partial NaN
2022-11-23_worm10,URAD,IL2,RID,neuron_009,RMDV,AVA,neuron_016,SAAV,neuron_027,neuron_028,neuron_029,URYD,neuron_031,neuron_033,neuron_034,neuron_039,neuron_040,neuron_043,RMEV,SMDV,neuron_052,RME,SMDD,neuron_058,RIV,neuron_062,RMED,IL1,URX,RMDD,AVE,neuron_085,neuron_088,neuron_091,neuron_002,neuron_003,neuron_005,RIM,neuron_007,neuron_015,neuron_023,neuron_049,neuron_061,neuron_064,neuron_067,neuron_096,neuron_097,URYV,neuron_110,neuron_111,neuron_114,neuron_116,neuron_118,neuron_123,neuron_130,neuron_004,neuron_011,neuron_044,neuron_076,AQR,RIB,VB02,neuron_134,neuron_012,neuron_013,neuron_017,neuron_030,BAG,neuron_051,neuron_059,neuron_070,neuron_074,neuron_082,neuron_094,neuron_098,neuron_101,neuron_112,neuron_124,neuron_139,neuron_141,neuron_025,neuron_046,neuron_055,neuron_126,ALA,neuron_037,neuron_087,neuron_089,neuron_048,neuron_078,neuron_132,neuron_053,neuron_128,neuron_144,neuron_035,neuron_117,neuron_083,neuron_145,neuron_142,neuron_143,neuron_038,AVB,neuron_054,neuron_047,neuron_150,VA02,DB01,SIAV,DD01,DA01,VB03,SIAD,neuron_157,VB01
2022-11-23_worm11,URAD,IL2,RID,AVA,SAAV,neuron_027,neuron_031,neuron_034,SMDV,RME,SMDD,RIV,RMED,IL1,RMDD,AVE,neuron_085,neuron_088,neuron_091,neuron_002,neuron_003,RIM,neuron_049,neuron_096,URYV,neuron_110,neuron_111,neuron_118,neuron_004,neuron_044,RIB,VB02,neuron_012,BAG,neuron_059,neuron_070,neuron_094,neuron_124,neuron_139,neuron_025,neuron_126,ALA,neuron_037,neuron_087,neuron_078,neuron_128,neuron_144,neuron_117,neuron_083,neuron_142,AVB,neuron_047,VA02,SIAV,DD01,DA01,VB03,SIAD,neuron_019,neuron_041,neuron_045,neuron_080,neuron_086,RIA,neuron_018,neuron_022,neuron_092,neuron_113,neuron_057,neuron_071,neuron_072,RIS,neuron_109,neuron_120,neuron_006,neuron_014,neuron_020,neuron_068,neuron_075,neuron_099,neuron_108,neuron_136,neuron_137,neuron_140,neuron_065,neuron_119,neuron_125,neuron_024,neuron_069,neuron_129,neuron_131,neuron_146,VA01,DB02
2022-11-23_worm12,URAD,IL2,RID,RMDV,AVA,neuron_016,SAAV,URYD,neuron_031,neuron_033,neuron_034,neuron_039,neuron_040,neuron_043,RMEV,SMDV,neuron_052,RME,SMDD,neuron_058,RMED,IL1,URX,RMDD,neuron_085,neuron_088,neuron_091,neuron_002,neuron_005,RIM,neuron_007,neuron_015,neuron_061,neuron_064,neuron_067,URYV,neuron_116,neuron_118,neuron_011,neuron_044,VB02,neuron_134,BAG,neuron_059,neuron_098,neuron_101,neuron_124,neuron_025,neuron_055,ALA,neuron_037,neuron_087,neuron_089,neuron_048,neuron_078,neuron_053,neuron_128,neuron_144,neuron_035,neuron_117,neuron_143,neuron_038,AVB,neuron_047,SIAV,SIAD,VB01,curvature_vb02,ventral_only_head_curvature,dorsal_only_head_curvature,ventral_only_body_curvature,dorsal_only_body_curvature,head_signed_curvature,summed_curvature,worm_nose_peak_frequency,worm_head_peak_frequency,worm_body_peak_frequency,curvature_1,curvature_2,curvature_3,curvature_4,curvature_5,curvature_6,curvature_7,curvature_8,curvature_9,curvature_10,curvature_11,curvature_12,curvature_13,curvature_14,curvature_15,curvature_16,curvature_17,curvature_18,curvature_19,curvature_20,curvature_21,curvature_22,curvature_23,curvature_24,curvature_25,curvature_26,curvature_27,curvature_28,curvature_29,curvature_30,curvature_31,curvature_32,curvature_33,curvature_34,curvature_35,curvature_36,curvature_37,curvature_38,curvature_39,curvature_40,curvature_41,curvature_42,curvature_43,curvature_44,curvature_45,curvature_46,curvature_47,curvature_48,curvature_49,curvature_50,curvature_51,curvature_52,curvature_53,curvature_54,curvature_55,curvature_56,curvature_57,curvature_58,curvature_59,curvature_60,curvature_61,curvature_62,curvature_63,curvature_64,curvature_65,curvature_66,curvature_67,curvature_68,curvature_69,curvature_70,curvature_71,curvature_72,curvature_73,curvature_74,curvature_75,curvature_76,curvature_77,curvature_78,curvature_79,curvature_80,curvature_81,curvature_82,curvature_83,curvature_84,curvature_85,curvature_86,curvature_87,curvature_88,curvature_89,curvature_90,curvature_91,curvature_92,curvature_93,curvature_94,curvature_95,curvature_96,curvature_97,curvature_98,curvature_99,RIA,neuron_018,neuron_092,neuron_113,neuron_071,neuron_072,neuron_120,neuron_006,neuron_081,neuron_099,neuron_108,neuron_137,neuron_065,neuron_102,neuron_026,neuron_125,neuron_024,neuron_069,neuron_008,neuron_036,neuron_073,neuron_079,neuron_106,neuron_090,neuron_093,neuron_103,neuron_115,neuron_127,neuron_021,neuron_032,neuron_050,neuron_095,neuron_104,neuron_105,neuron_122,neuron_056,neuron_151
2022-11-23_worm8,URAD,IL2,RID,RMDV,AVA,neuron_016,SAAV,URYD,neuron_033,neuron_039,neuron_040,RMEV,SMDV,RME,SMDD,RIV,neuron_062,RMED,IL1,RMDD,AVE,neuron_002,neuron_003,RIM,neuron_015,neuron_023,neuron_049,neuron_064,neuron_067,neuron_096,URYV,neuron_114,neuron_116,neuron_118,neuron_123,neuron_004,neuron_076,VB02,neuron_012,neuron_017,BAG,neuron_059,neuron_070,neuron_074,neuron_098,neuron_124,ALA,neuron_087,neuron_089,neuron_048,neuron_053,neuron_035,neuron_142,neuron_143,AVB,VA02,DB01,SIAV,DD01,DA01,VB03,speed,neuron_019,neuron_041,neuron_045,neuron_080,neuron_086,neuron_100,neuron_018,neuron_092,neuron_084,RIS,neuron_109,neuron_014,neuron_136,neuron_137,neuron_065,neuron_024,neuron_069,neuron_129,neuron_036,neuron_073,neuron_106,neuron_103,neuron_115,neuron_021,neuron_032,neuron_104,neuron_105,neuron_122,neuron_060,neuron_010,neuron_138,neuron_148,neuron_154,neuron_155,neuron_156,neuron_160,neuron_165,neuron_166
2022-11-23_worm9,URAD,IL2,RID,neuron_009,RMDV,AVA,neuron_016,SAAV,URYD,neuron_031,neuron_039,neuron_040,RMEV,SMDV,RME,SMDD,RIV,RMED,IL1,URX,RMDD,AVE,neuron_002,RIM,neuron_007,neuron_015,neuron_061,neuron_096,URYV,neuron_111,neuron_116,neuron_130,neuron_004,neuron_011,neuron_044,neuron_076,RIB,VB02,neuron_012,neuron_013,BAG,neuron_051,neuron_082,neuron_094,neuron_098,neuron_139,ALA,neuron_048,neuron_078,neuron_053,neuron_128,neuron_117,neuron_083,neuron_145,neuron_142,neuron_143,AVB,VA02,SIAV,DD01,DA01,VB03,neuron_019,neuron_086,neuron_100,RIA,neuron_107,neuron_018,neuron_022,neuron_063,neuron_077,neuron_113,neuron_057,neuron_071,RIS,neuron_109,neuron_014,neuron_068,neuron_075,neuron_108,neuron_136,neuron_137,neuron_065,neuron_119,neuron_125,neuron_024,neuron_069,VA01,neuron_008,neuron_079,neuron_093,neuron_103,neuron_127,neuron_021,neuron_032,neuron_050,neuron_122,neuron_056,neuron_151,neuron_060,neuron_010,neuron_042,neuron_066,neuron_121,neuron_133,AWB
2023-11-21_12-39_wt_worm1-2023-11-21,URAD,IL2,RID,neuron_009,RMDV,AVA,SAAV,neuron_027,URYD,neuron_033,neuron_034,neuron_043,RMEV,SMDV,RME,SMDD,RIV,neuron_062,RMED,IL1,URX,RMDD,AVE,neuron_085,neuron_091,RIM,neuron_015,neuron_023,neuron_049,neuron_064,neuron_067,neuron_096,neuron_097,URYV,neuron_110,neuron_111,neuron_116,neuron_118,neuron_123,neuron_004,neuron_044,AQR,RIB,VB02,neuron_134,neuron_012,neuron_013,BAG,neuron_074,neuron_094,neuron_101,neuron_124,neuron_139,neuron_046,neuron_055,neuron_126,ALA,neuron_037,neuron_087,neuron_048,neuron_132,neuron_128,neuron_144,neuron_117,neuron_083,neuron_142,neuron_038,AVB,neuron_047,DB01,SIAV,SIAD,curvature_vb02,ventral_only_head_curvature,dorsal_only_head_curvature,ventral_only_body_curvature,dorsal_only_body_curvature,head_signed_curvature,summed_curvature,worm_nose_peak_frequency,worm_head_peak_frequency,worm_body_peak_frequency,curvature_1,curvature_2,curvature_3,curvature_4,curvature_5,curvature_6,curvature_7,curvature_8,curvature_9,curvature_10,curvature_11,curvature_12,curvature_13,curvature_14,curvature_15,curvature_16,curvature_17,curvature_18,curvature_19,curvature_20,curvature_21,curvature_22,curvature_23,curvature_24,curvature_25,curvature_26,curvature_27,curvature_28,curvature_29,curvature_30,curvature_31,curvature_32,curvature_33,curvature_34,curvature_35,curvature_36,curvature_37,curvature_38,curvature_39,curvature_40,curvature_41,curvature_42,curvature_43,curvature_44,curvature_45,curvature_46,curvature_47,curvature_48,curvature_49,curvature_50,curvature_51,curvature_52,curvature_53,curvature_54,curvature_55,curvature_56,curvature_57,curvature_58,curvature_59,curvature_60,curvature_61,curvature_62,curvature_63,curvature_64,curvature_65,curvature_66,curvature_67,curvature_68,curvature_69,curvature_70,curvature_71,curvature_72,curvature_73,curvature_74,curvature_75,curvature_76,curvature_77,curvature_78,curvature_79,curvature_80,curvature_81,curvature_82,curvature_83,curvature_84,curvature_85,curvature_86,curvature_87,curvature_88,curvature_89,curvature_90,curvature_91,curvature_92,curvature_93,curvature_94,curvature_95,curvature_96,curvature_97,curvature_98,curvature_99,neuron_041,neuron_045,neuron_086,RIA,neuron_107,neuron_077,neuron_113,neuron_057,neuron_071,RIS,neuron_109,neuron_120,neuron_014,neuron_075,neuron_081,neuron_108,neuron_140,neuron_102,neuron_119,neuron_026,neuron_024,neuron_129,neuron_131,VA01,neuron_008,neuron_036,neuron_079,neuron_106,neuron_115,neuron_127,neuron_021,neuron_050,neuron_104,neuron_105,neuron_056,neuron_060,neuron_010,neuron_066,neuron_121,AWB,neuron_147
2023-11-21_14-28_wt_worm3-2023-11-21,URAD,IL2,RID,neuron_009,RMDV,AVA,SAAV,neuron_027,neuron_028,neuron_029,URYD,neuron_031,neuron_039,neuron_040,neuron_043,RMEV,SMDV,neuron_052,RME,SMDD,RIV,neuron_062,RMED,IL1,RMDD,AVE,neuron_085,neuron_003,neuron_015,neuron_023,neuron_049,neuron_097,URYV,neuron_114,neuron_116,neuron_123,neuron_130,neuron_044,AQR,VB02,neuron_012,neuron_017,neuron_030,BAG,neuron_112,neuron_055,neuron_126,neuron_037,neuron_048,neuron_144,neuron_117,neuron_142,neuron_038,AVB,neuron_054,neuron_047,VA02,SIAV,DA01,VB03,neuron_080,neuron_086,RIA,neuron_107,neuron_018,neuron_022,neuron_077,neuron_092,neuron_071,neuron_084,neuron_109,neuron_120,neuron_006,neuron_068,neuron_099,neuron_108,neuron_136,neuron_140,neuron_102,neuron_129,DB02,neuron_008,neuron_036,neuron_073,neuron_093,neuron_115,neuron_127,neuron_021,neuron_032,neuron_105,neuron_060,neuron_155,neuron_166,neuron_042,neuron_066,neuron_133,neuron_147,neuron_162,neuron_164
2023-11-21_14-46_wt_worm4-2023-11-21,URAD,IL2,RID,neuron_009,RMDV,AVA,neuron_016,SAAV,neuron_027,URYD,neuron_031,neuron_033,neuron_040,SMDV,neuron_052,RME,RIV,neuron_062,RMED,IL1,URX,neuron_002,RIM,neuron_023,URYV,neuron_110,neuron_111,AQR,VB02,neuron_012,neuron_030,BAG,neuron_051,neuron_074,neuron_082,neuron_101,neuron_141,neuron_025,neuron_126,ALA,neuron_037,neuron_087,neuron_089,neuron_053,neuron_083,AVB,neuron_054,neuron_150,curvature_vb02,curvature_1,curvature_2,curvature_3,curvature_4,curvature_5,curvature_6,curvature_7,curvature_8,curvature_9,curvature_10,curvature_11,curvature_12,curvature_13,curvature_14,curvature_15,curvature_16,curvature_17,curvature_18,curvature_19,curvature_20,curvature_21,curvature_22,curvature_23,curvature_24,curvature_25,curvature_26,curvature_27,curvature_28,curvature_29,curvature_30,curvature_31,curvature_32,curvature_33,curvature_34,curvature_35,curvature_36,curvature_37,curvature_38,curvature_39,curvature_40,curvature_41,curvature_42,curvature_43,curvature_44,curvature_45,curvature_46,curvature_47,curvature_48,curvature_49,curvature_50,curvature_51,curvature_52,curvature_53,curvature_54,curvature_55,curvature_56,curvature_57,curvature_58,curvature_59,curvature_60,curvature_61,curvature_62,curvature_63,curvature_64,curvature_65,curvature_66,curvature_67,curvature_68,curvature_69,curvature_70,curvature_71,curvature_72,curvature_73,curvature_74,curvature_75,curvature_76,curvature_77,curvature_78,curvature_79,curvature_80,curvature_81,curvature_82,curvature_83,curvature_84,curvature_85,curvature_86,curvature_87,curvature_88,curvature_89,curvature_90,curvature_91,curvature_92,curvature_93,curvature_94,curvature_95,curvature_96,curvature_97,curvature_98,curvature_99,neuron_019,neuron_045,neuron_080,neuron_086,neuron_063,neuron_077,neuron_084,neuron_006,neuron_014,neuron_020,neuron_068,neuron_099,neuron_065,neuron_026,neuron_129,neuron_008,neuron_036,neuron_106,neuron_104,neuron_060,neuron_138,neuron_154,neuron_165,neuron_166,neuron_042,neuron_066,neuron_121,neuron_167
2023-11-21_15-05_wt_worm5-2023-11-21,URAD,IL2,RID,neuron_009,RMDV,AVA,SAAV,neuron_029,URYD,neuron_031,neuron_033,neuron_034,neuron_039,neuron_043,RMEV,SMDV,neuron_052,RME,SMDD,RIV,neuron_062,RMED,IL1,URX,RMDD,AVE,neuron_091,neuron_002,neuron_003,neuron_005,neuron_015,neuron_049,neuron_061,neuron_096,neuron_097,URYV,neuron_110,neuron_114,neuron_123,neuron_011,neuron_076,AQR,VB02,neuron_134,neuron_013,neuron_017,neuron_030,BAG,neuron_059,neuron_070,neuron_074,neuron_094,neuron_101,neuron_112,neuron_046,neuron_055,ALA,neuron_087,neuron_089,neuron_048,neuron_078,neuron_053,neuron_035,neuron_117,neuron_083,neuron_145,neuron_038,AVB,neuron_047,SIAV,DA01,SIAD,neuron_157,VB01,curvature_vb02,speed,curvature_1,curvature_2,curvature_3,curvature_4,curvature_5,curvature_6,curvature_7,curvature_8,curvature_9,curvature_10,curvature_11,curvature_12,curvature_13,curvature_14,curvature_15,curvature_16,curvature_17,curvature_18,curvature_19,curvature_20,curvature_21,curvature_22,curvature_23,curvature_24,curvature_25,curvature_26,curvature_27,curvature_28,curvature_29,curvature_30,curvature_31,curvature_32,curvature_33,curvature_34,curvature_35,curvature_36,curvature_37,curvature_38,curvature_39,curvature_40,curvature_41,curvature_42,curvature_43,curvature_44,curvature_45,curvature_46,curvature_47,curvature_48,curvature_49,curvature_50,curvature_51,curvature_52,curvature_53,curvature_54,curvature_55,curvature_56,curvature_57,curvature_58,curvature_59,curvature_60,curvature_61,curvature_62,curvature_63,curvature_64,curvature_65,curvature_66,curvature_67,curvature_68,curvature_69,curvature_70,curvature_71,curvature_72,curvature_73,curvature_74,curvature_75,curvature_76,curvature_77,curvature_78,curvature_79,curvature_80,curvature_81,curvature_82,curvature_83,curvature_84,curvature_85,curvature_86,curvature_87,curvature_88,curvature_89,curvature_90,curvature_91,curvature_92,curvature_93,curvature_94,curvature_95,curvature_96,curvature_97,curvature_98,curvature_99,neuron_041,neuron_045,neuron_080,neuron_086,RIA,neuron_107,neuron_022,neuron_063,neuron_077,neuron_092,neuron_057,neuron_084,neuron_109,neuron_006,neuron_014,neuron_140,neuron_065,neuron_102,neuron_024,neuron_131,neuron_146,VA01,neuron_079,neuron_106,neuron_093,neuron_115,neuron_127,neuron_105,neuron_122,neuron_056,neuron_151,neuron_138,neuron_165,neuron_066,neuron_133,AWB,neuron_147,neuron_135,neuron_152,neuron_158,neuron_161,neuron_163,neuron_159,neuron_170
2023-11-30_13-58_wt_worm3_FM-2023-11-30,URAD,IL2,RID,neuron_009,RMDV,AVA,SAAV,neuron_027,URYD,neuron_031,neuron_033,neuron_039,RMEV,neuron_052,RME,SMDD,RIV,RMED,IL1,URX,RMDD,AVE,neuron_091,neuron_003,neuron_023,neuron_049,URYV,neuron_111,neuron_114,neuron_116,neuron_004,neuron_044,AQR,VB02,neuron_012,neuron_013,neuron_059,neuron_074,neuron_098,neuron_101,neuron_025,neuron_046,ALA,neuron_037,neuron_078,neuron_053,neuron_128,neuron_035,neuron_083,neuron_145,AVB,neuron_047,SIAV,DA01,SIAD,speed,neuron_019,neuron_041,neuron_045,neuron_080,neuron_077,neuron_006,neuron_068,neuron_065,neuron_026,neuron_024,neuron_069,neuron_008,neuron_036,neuron_073,neuron_090,neuron_093,neuron_115,neuron_127,neuron_021,neuron_122,neuron_056,neuron_066,neuron_121,AWB
2023-11-30_14-31_wt_worm5_FM-2023-11-30,URAD,IL2,RID,neuron_009,RMDV,AVA,neuron_016,SAAV,neuron_027,neuron_029,URYD,neuron_031,neuron_033,neuron_040,neuron_043,RMEV,SMDV,neuron_052,RME,SMDD,RIV,RMED,URX,RMDD,AVE,neuron_091,neuron_002,neuron_005,RIM,neuron_007,neuron_015,neuron_061,neuron_064,neuron_096,URYV,neuron_004,neuron_044,AQR,RIB,VB02,neuron_134,neuron_017,neuron_030,BAG,neuron_059,neuron_074,neuron_082,neuron_094,neuron_098,neuron_101,neuron_112,neuron_025,ALA,neuron_037,neuron_087,neuron_089,neuron_048,neuron_078,neuron_142,neuron_038,AVB,SIAV,DD01,DA01,SIAD,neuron_045,neuron_100,neuron_107,neuron_063,neuron_077,neuron_092,neuron_072,RIS,neuron_014,neuron_020,neuron_068,neuron_075,neuron_102,neuron_026,neuron_131,neuron_008,neuron_106,neuron_090,neuron_093,neuron_115,neuron_127,neuron_021,neuron_032,neuron_095,neuron_122,neuron_010,neuron_042,neuron_066,neuron_121
2023-12-19_17-35_wt_FM_worm4-2023-12-19,URAD,RID,RMDV,AVA,neuron_016,neuron_028,neuron_029,URYD,neuron_033,neuron_040,neuron_043,RMEV,SMDV,RME,SMDD,neuron_058,RIV,IL1,URX,RMDD,AVE,neuron_088,neuron_091,RIM,neuron_023,neuron_049,neuron_064,neuron_097,URYV,neuron_111,neuron_114,neuron_118,neuron_076,AQR,RIB,VB02,neuron_030,BAG,neuron_059,neuron_070,neuron_094,neuron_101,neuron_112,neuron_124,neuron_139,neuron_025,neuron_046,ALA,neuron_037,neuron_048,neuron_078,neuron_132,neuron_128,neuron_083,neuron_038,neuron_150,DB01,SIAV,DD01,DA01,SIAD,curvature_vb02,curvature_1,curvature_2,curvature_3,curvature_4,curvature_5,curvature_6,curvature_7,curvature_8,curvature_9,curvature_10,curvature_11,curvature_12,curvature_13,curvature_14,curvature_15,curvature_16,curvature_17,curvature_18,curvature_19,curvature_20,curvature_21,curvature_22,curvature_23,curvature_24,curvature_25,curvature_26,curvature_27,curvature_28,curvature_29,curvature_30,curvature_31,curvature_32,curvature_33,curvature_34,curvature_35,curvature_36,curvature_37,curvature_38,curvature_39,curvature_40,curvature_41,curvature_42,curvature_43,curvature_44,curvature_45,curvature_46,curvature_47,curvature_48,curvature_49,curvature_50,curvature_51,curvature_52,curvature_53,curvature_54,curvature_55,curvature_56,curvature_57,curvature_58,curvature_59,curvature_60,curvature_61,curvature_62,curvature_63,curvature_64,curvature_65,curvature_66,curvature_67,curvature_68,curvature_69,curvature_70,curvature_71,curvature_72,curvature_73,curvature_74,curvature_75,curvature_76,curvature_77,curvature_78,curvature_79,curvature_80,curvature_81,curvature_82,curvature_83,curvature_84,curvature_85,curvature_86,curvature_87,curvature_88,curvature_89,curvature_90,curvature_91,curvature_92,curvature_93,curvature_94,curvature_95,curvature_96,curvature_97,curvature_98,curvature_99,neuron_019,neuron_041,neuron_080,neuron_100,neuron_022,neuron_057,neuron_084,neuron_068,neuron_075,neuron_081,neuron_099,neuron_108,neuron_137,neuron_065,neuron_125,VA01,DB02,neuron_008,neuron_106,neuron_103,neuron_021,neuron_032,neuron_095,neuron_105,neuron_060,neuron_148,neuron_165,neuron_166,neuron_042,neuron_066,neuron_121,neuron_147,neuron_162,neuron_152,neuron_153,neuron_173
2023-12-19_18-27_wt_FM_worm5again2-2023-12-19,URAD,IL2,RID,RMDV,AVA,neuron_016,neuron_027,URYD,neuron_031,neuron_040,neuron_043,RMEV,SMDV,RME,SMDD,neuron_058,RIV,RMED,IL1,URX,RMDD,AVE,neuron_088,neuron_091,neuron_002,RIM,neuron_007,neuron_015,neuron_023,neuron_067,URYV,neuron_110,neuron_111,neuron_114,neuron_130,AQR,VB02,neuron_134,neuron_017,neuron_030,BAG,neuron_059,neuron_070,neuron_074,neuron_082,neuron_094,neuron_101,neuron_124,neuron_141,neuron_055,neuron_126,neuron_089,neuron_132,neuron_053,neuron_128,neuron_117,neuron_083,neuron_038,AVB,neuron_054,neuron_047,SIAV,DD01,DA01,SIAD,neuron_157,VB01,curvature_vb02,curvature_1,curvature_2,curvature_3,curvature_4,curvature_5,curvature_6,curvature_7,curvature_8,curvature_9,curvature_10,curvature_11,curvature_12,curvature_13,curvature_14,curvature_15,curvature_16,curvature_17,curvature_18,curvature_19,curvature_20,curvature_21,curvature_22,curvature_23,curvature_24,curvature_25,curvature_26,curvature_27,curvature_28,curvature_29,curvature_30,curvature_31,curvature_32,curvature_33,curvature_34,curvature_35,curvature_36,curvature_37,curvature_38,curvature_39,curvature_40,curvature_41,curvature_42,curvature_43,curvature_44,curvature_45,curvature_46,curvature_47,curvature_48,curvature_49,curvature_50,curvature_51,curvature_52,curvature_53,curvature_54,curvature_55,curvature_56,curvature_57,curvature_58,curvature_59,curvature_60,curvature_61,curvature_62,curvature_63,curvature_64,curvature_65,curvature_66,curvature_67,curvature_68,curvature_69,curvature_70,curvature_71,curvature_72,curvature_73,curvature_74,curvature_75,curvature_76,curvature_77,curvature_78,curvature_79,curvature_80,curvature_81,curvature_82,curvature_83,curvature_84,curvature_85,curvature_86,curvature_87,curvature_88,curvature_89,curvature_90,curvature_91,curvature_92,curvature_93,curvature_94,curvature_95,curvature_96,curvature_97,curvature_98,curvature_99,neuron_019,neuron_041,neuron_045,neuron_086,neuron_100,neuron_107,neuron_018,neuron_022,neuron_092,neuron_109,neuron_120,neuron_006,neuron_014,neuron_075,neuron_137,neuron_140,neuron_026,neuron_024,neuron_131,VA01,neuron_008,neuron_090,neuron_115,neuron_127,neuron_104,neuron_056,neuron_042,neuron_121,neuron_133,neuron_147,neuron_162,neuron_135
2024-01-11_16-42_wt_FM_worm06-2024-01-11,URAD,RID,neuron_009,RMDV,AVA,neuron_027,neuron_028,URYD,neuron_031,neuron_033,neuron_039,neuron_040,neuron_043,RMEV,SMDV,neuron_052,RME,SMDD,neuron_058,RIV,RMED,IL1,URX,RMDD,AVE,neuron_085,neuron_088,neuron_002,RIM,neuron_015,neuron_049,neuron_067,URYV,neuron_114,neuron_118,neuron_123,neuron_011,RIB,VB02,neuron_012,neuron_017,neuron_030,neuron_074,neuron_101,neuron_112,neuron_141,neuron_025,neuron_046,neuron_055,ALA,neuron_087,neuron_078,neuron_053,neuron_144,neuron_035,neuron_117,neuron_083,neuron_038,AVB,neuron_047,SIAV,DD01,DA01,SIAD,neuron_019,neuron_045,neuron_080,neuron_100,neuron_022,neuron_092,neuron_113,neuron_057,neuron_084,neuron_109,neuron_120,neuron_014,neuron_020,neuron_075,neuron_119,neuron_026,neuron_024,neuron_069,neuron_129,VA01,neuron_008,neuron_073,neuron_079,neuron_021,neuron_095,neuron_105,neuron_060,neuron_010,neuron_121,neuron_133,AWB
2024-01-17_13-02_wt_FM_worm2_again-2024-01-17,URAD,IL2,RID,neuron_009,RMDV,AVA,neuron_016,SAAV,neuron_027,neuron_029,URYD,neuron_034,neuron_039,neuron_043,SMDV,RME,SMDD,neuron_058,RIV,RMED,IL1,URX,RMDD,AVE,neuron_085,neuron_091,neuron_005,RIM,neuron_007,neuron_015,neuron_064,neuron_096,URYV,neuron_110,neuron_111,neuron_116,neuron_118,neuron_123,neuron_011,neuron_076,AQR,RIB,VB02,neuron_134,neuron_012,neuron_017,neuron_030,BAG,neuron_082,neuron_094,neuron_098,neuron_101,neuron_124,neuron_025,neuron_055,ALA,neuron_037,neuron_089,neuron_053,neuron_117,neuron_038,AVB,neuron_054,DB01,SIAV,DD01,DA01,neuron_045,neuron_080,neuron_086,neuron_100,RIA,neuron_107,neuron_018,neuron_092,neuron_071,neuron_072,neuron_084,RIS,neuron_109,neuron_120,neuron_014,neuron_068,neuron_075,neuron_081,neuron_099,neuron_140,neuron_026,neuron_125,neuron_024,neuron_069,DB02,neuron_103,neuron_115,neuron_104,neuron_138,neuron_160,neuron_042,AWB,neuron_001
2024-01-17_14-05_wt_FM_worm5-2024-01-17,URAD,IL2,RID,neuron_009,RMDV,AVA,neuron_028,neuron_031,neuron_033,neuron_040,RMEV,SMDV,RME,SMDD,neuron_058,RIV,neuron_062,RMED,IL1,URX,RMDD,AVE,neuron_088,neuron_002,neuron_003,neuron_005,RIM,neuron_015,neuron_061,neuron_110,neuron_118,neuron_123,AQR,RIB,VB02,neuron_012,neuron_013,neuron_030,neuron_051,neuron_059,neuron_082,neuron_094,neuron_101,neuron_046,neuron_037,neuron_087,neuron_089,neuron_048,neuron_078,neuron_132,neuron_035,neuron_117,neuron_083,neuron_143,neuron_038,AVB,neuron_054,neuron_047,SIAV,DD01,DA01,SIAD,neuron_041,neuron_080,neuron_086,neuron_100,RIA,neuron_107,neuron_018,neuron_063,neuron_077,neuron_092,neuron_113,neuron_057,neuron_072,neuron_109,neuron_120,neuron_006,neuron_014,neuron_068,neuron_075,neuron_108,neuron_140,neuron_026,neuron_024,neuron_131,VA01,DB02,neuron_036,neuron_079,neuron_090,neuron_103,neuron_050,neuron_095,neuron_104,neuron_056,neuron_138,neuron_042,neuron_066,neuron_121,neuron_133
2024-01-30_16-32_wt_worm1-2024-01-30,URAD,IL2,RID,RMDV,AVA,SAAV,neuron_028,neuron_029,URYD,neuron_039,neuron_040,RME,SMDD,neuron_058,RIV,RMED,IL1,URX,RMDD,AVE,neuron_088,neuron_091,neuron_002,neuron_003,neuron_005,neuron_023,neuron_061,URYV,neuron_111,neuron_114,neuron_116,neuron_118,neuron_123,neuron_011,neuron_044,AQR,VB02,neuron_017,BAG,neuron_051,neuron_059,neuron_070,neuron_074,neuron_082,neuron_094,neuron_101,neuron_139,neuron_046,neuron_055,neuron_126,ALA,neuron_037,neuron_087,neuron_048,neuron_132,neuron_128,neuron_038,AVB,neuron_047,DB01,SIAV,DA01,neuron_045,neuron_080,neuron_100,neuron_018,neuron_022,neuron_063,neuron_113,neuron_057,neuron_084,neuron_109,neuron_006,neuron_014,neuron_020,neuron_068,neuron_075,neuron_081,neuron_065,neuron_131,neuron_146,VA01,neuron_036,neuron_079,neuron_095,neuron_104,neuron_060,neuron_010,neuron_148,neuron_042,neuron_133,AWB
2024-01-30_17-00_wt_worm2-2024-01-30,URAD,IL2,RID,RMDV,AVA,SAAV,neuron_028,neuron_029,URYD,neuron_033,neuron_039,neuron_040,neuron_043,neuron_052,RME,SMDD,neuron_058,RIV,neuron_062,RMED,IL1,URX,RMDD,AVE,neuron_085,neuron_088,neuron_003,neuron_007,neuron_015,neuron_023,neuron_061,neuron_096,URYV,neuron_114,neuron_116,neuron_004,neuron_044,neuron_076,AQR,VB02,neuron_134,neuron_013,neuron_030,BAG,neuron_051,neuron_094,neuron_112,neuron_025,neuron_046,neuron_055,neuron_126,ALA,neuron_037,neuron_089,AVB,neuron_047,SIAV,DD01,DA01,VB03,SIAD,VB01,curvature_vb02,curvature_1,curvature_2,curvature_3,curvature_4,curvature_5,curvature_6,curvature_7,curvature_8,curvature_9,curvature_10,curvature_11,curvature_12,curvature_13,curvature_14,curvature_15,curvature_16,curvature_17,curvature_18,curvature_19,curvature_20,curvature_21,curvature_22,curvature_23,curvature_24,curvature_25,curvature_26,curvature_27,curvature_28,curvature_29,curvature_30,curvature_31,curvature_32,curvature_33,curvature_34,curvature_35,curvature_36,curvature_37,curvature_38,curvature_39,curvature_40,curvature_41,curvature_42,curvature_43,curvature_44,curvature_45,curvature_46,curvature_47,curvature_48,curvature_49,curvature_50,curvature_51,curvature_52,curvature_53,curvature_54,curvature_55,curvature_56,curvature_57,curvature_58,curvature_59,curvature_60,curvature_61,curvature_62,curvature_63,curvature_64,curvature_65,curvature_66,curvature_67,curvature_68,curvature_69,curvature_70,curvature_71,curvature_72,curvature_73,curvature_74,curvature_75,curvature_76,curvature_77,curvature_78,curvature_79,curvature_80,curvature_81,curvature_82,curvature_83,curvature_84,curvature_85,curvature_86,curvature_87,curvature_88,curvature_89,curvature_90,curvature_91,curvature_92,curvature_93,curvature_94,curvature_95,curvature_96,curvature_97,curvature_98,curvature_99,neuron_019,neuron_045,neuron_063,neuron_077,neuron_057,neuron_071,neuron_075,neuron_081,neuron_108,neuron_140,neuron_026,neuron_129,VA01,neuron_036,neuron_079,neuron_093,neuron_127,neuron_021,neuron_032,neuron_104,neuron_105,neuron_056,neuron_151,neuron_042,AWB
ZIM2165_Gcamp7b_worm1-2022-11-30,URAD,IL2,RID,neuron_009,RMDV,AVA,SAAV,neuron_027,neuron_028,URYD,neuron_031,RMEV,SMDV,neuron_052,RME,SMDD,neuron_058,RIV,neuron_062,RMED,IL1,URX,RMDD,AVE,neuron_088,neuron_091,neuron_002,neuron_003,RIM,neuron_015,neuron_023,neuron_049,neuron_096,URYV,neuron_111,neuron_118,AQR,VB02,neuron_013,neuron_030,BAG,neuron_059,neuron_070,neuron_074,neuron_094,neuron_112,neuron_124,neuron_025,neuron_126,ALA,neuron_087,neuron_089,neuron_053,neuron_128,neuron_035,neuron_142,neuron_143,neuron_038,AVB,VA02,SIAV,DD01,DA01,VB03,SIAD,neuron_041,neuron_045,RIA,neuron_063,neuron_057,neuron_071,neuron_084,RIS,neuron_109,neuron_006,neuron_014,neuron_068,neuron_081,neuron_099,neuron_065,neuron_024,neuron_131,neuron_146,VA01,DB02,neuron_008,neuron_079,neuron_106,neuron_090,neuron_127,neuron_032,neuron_050,neuron_104,neuron_056,neuron_010,neuron_138,neuron_148,neuron_042,neuron_066,neuron_133,neuron_147,neuron_158
ZIM2165_Gcamp7b_worm1-2022-12-10,URAD,IL2,RMDV,AVA,neuron_016,SAAV,neuron_028,neuron_029,URYD,neuron_033,RMEV,SMDV,neuron_052,RME,SMDD,neuron_058,RIV,IL1,AVE,neuron_085,neuron_088,neuron_091,neuron_005,RIM,neuron_007,neuron_015,neuron_049,neuron_061,neuron_064,neuron_067,neuron_097,URYV,neuron_110,neuron_111,neuron_114,neuron_116,neuron_123,neuron_076,RIB,VB02,neuron_012,neuron_017,neuron_030,BAG,neuron_070,neuron_074,neuron_082,neuron_139,neuron_141,neuron_046,neuron_126,ALA,neuron_037,neuron_078,neuron_128,neuron_144,neuron_035,neuron_117,neuron_083,AVB,VA02,DB01,SIAV,DA01,SIAD,neuron_045,neuron_080,neuron_086,RIA,neuron_018,neuron_057,neuron_072,RIS,neuron_120,neuron_006,neuron_014,neuron_068,neuron_081,neuron_099,neuron_102,neuron_119,neuron_125,neuron_069,neuron_131,neuron_146,VA01,DB02,neuron_008,neuron_106,neuron_090,neuron_093,neuron_050,neuron_104,neuron_105,neuron_122,neuron_056,neuron_060,neuron_010,neuron_138,neuron_133,neuron_147,neuron_135,neuron_001,neuron_149
ZIM2165_Gcamp7b_worm1-2022_11_28,URAD,IL2,RID,neuron_009,RMDV,AVA,neuron_016,SAAV,neuron_027,neuron_028,URYD,neuron_034,RMEV,SMDV,neuron_052,RME,SMDD,neuron_058,RIV,neuron_062,RMED,IL1,URX,RMDD,AVE,neuron_085,neuron_002,neuron_003,neuron_005,neuron_007,neuron_023,neuron_049,neuron_061,neuron_064,neuron_067,neuron_097,URYV,neuron_116,neuron_004,neuron_044,AQR,VB02,neuron_012,neuron_030,BAG,neuron_070,neuron_082,neuron_101,neuron_139,neuron_025,neuron_055,neuron_126,ALA,neuron_037,neuron_144,neuron_035,neuron_083,neuron_142,AVB,neuron_047,neuron_150,DB01,SIAV,SIAD,neuron_086,RIA,neuron_018,neuron_022,neuron_077,neuron_113,neuron_071,neuron_084,RIS,neuron_109,neuron_020,neuron_075,neuron_081,neuron_099,neuron_108,neuron_140,neuron_065,neuron_102,neuron_026,neuron_024,neuron_131,neuron_146,DB02,neuron_036,neuron_073,neuron_090,neuron_093,neuron_127,neuron_050,neuron_104,neuron_151,neuron_010,neuron_138,neuron_148,neuron_154,neuron_156,neuron_066,neuron_121,AWB,neuron_135,neuron_152,neuron_158,neuron_149
ZIM2165_Gcamp7b_worm10-2022-12-05,URAD,IL2,RID,RMDV,AVA,neuron_016,SAAV,neuron_027,neuron_028,URYD,neuron_040,RMEV,SMDV,RME,SMDD,RIV,RMED,IL1,URX,RMDD,AVE,neuron_088,neuron_091,neuron_002,neuron_005,RIM,neuron_007,neuron_023,neuron_061,neuron_067,neuron_096,neuron_097,URYV,neuron_110,neuron_111,neuron_130,neuron_011,neuron_076,RIB,VB02,neuron_013,neuron_017,BAG,neuron_051,neuron_070,neuron_098,neuron_101,neuron_112,neuron_124,neuron_025,ALA,neuron_089,neuron_128,neuron_144,neuron_035,neuron_142,neuron_143,AVB,neuron_054,neuron_047,VA02,SIAV,DD01,DA01,VB03,VB01,neuron_019,neuron_041,neuron_045,neuron_086,RIA,neuron_107,neuron_022,neuron_113,RIS,neuron_120,neuron_006,neuron_014,neuron_099,neuron_137,neuron_140,neuron_102,neuron_119,neuron_125,neuron_024,neuron_008,neuron_036,neuron_106,neuron_090,neuron_127,neuron_032,neuron_104,neuron_105,neuron_122,neuron_060,neuron_148,neuron_155,neuron_160,neuron_066,neuron_133,AWB,neuron_152,neuron_001
ZIM2165_Gcamp7b_worm2-2022-11-30,URAD,IL2,RID,neuron_009,RMDV,AVA,neuron_016,SAAV,neuron_027,URYD,neuron_033,neuron_034,neuron_039,neuron_040,RMEV,SMDV,neuron_052,RME,SMDD,RIV,RMED,IL1,URX,RMDD,AVE,neuron_085,neuron_088,neuron_091,neuron_002,neuron_005,RIM,neuron_049,neuron_061,neuron_096,neuron_097,URYV,neuron_110,neuron_111,neuron_114,neuron_116,neuron_118,neuron_123,neuron_130,neuron_011,neuron_044,neuron_076,AQR,RIB,VB02,neuron_012,BAG,neuron_070,neuron_094,neuron_101,neuron_112,neuron_139,neuron_141,neuron_055,neuron_126,ALA,neuron_087,neuron_053,neuron_128,neuron_035,neuron_117,neuron_145,neuron_038,AVB,VA02,DB01,SIAV,VB03,VB01,curvature_vb02,curvature_1,curvature_2,curvature_3,curvature_4,curvature_5,curvature_6,curvature_7,curvature_8,curvature_9,curvature_10,curvature_11,curvature_12,curvature_13,curvature_14,curvature_15,curvature_16,curvature_17,curvature_18,curvature_19,curvature_20,curvature_21,curvature_22,curvature_23,curvature_24,curvature_25,curvature_26,curvature_27,curvature_28,curvature_29,curvature_30,curvature_31,curvature_32,curvature_33,curvature_34,curvature_35,curvature_36,curvature_37,curvature_38,curvature_39,curvature_40,curvature_41,curvature_42,curvature_43,curvature_44,curvature_45,curvature_46,curvature_47,curvature_48,curvature_49,curvature_50,curvature_51,curvature_52,curvature_53,curvature_54,curvature_55,curvature_56,curvature_57,curvature_58,curvature_59,curvature_60,curvature_61,curvature_62,curvature_63,curvature_64,curvature_65,curvature_66,curvature_67,curvature_68,curvature_69,curvature_70,curvature_71,curvature_72,curvature_73,curvature_74,curvature_75,curvature_76,curvature_77,curvature_78,curvature_79,curvature_80,curvature_81,curvature_82,curvature_83,curvature_84,curvature_85,curvature_86,curvature_87,curvature_88,curvature_89,curvature_90,curvature_91,curvature_92,curvature_93,curvature_94,curvature_95,curvature_96,curvature_97,curvature_98,curvature_99,neuron_019,neuron_045,neuron_086,RIA,neuron_022,neuron_063,neuron_077,neuron_092,neuron_084,RIS,neuron_109,neuron_020,neuron_065,neuron_131,DB02,neuron_008,neuron_093,neuron_032,neuron_095,neuron_105,neuron_122,neuron_056,neuron_060,neuron_154,neuron_121,neuron_135,neuron_161,neuron_149
ZIM2165_Gcamp7b_worm2-2022-12-10,URAD,IL2,RID,neuron_009,RMDV,AVA,neuron_016,SAAV,neuron_027,neuron_028,neuron_029,URYD,neuron_033,neuron_034,neuron_039,neuron_043,RMEV,SMDV,neuron_052,RME,SMDD,neuron_058,RIV,RMED,IL1,URX,RMDD,AVE,neuron_088,neuron_091,neuron_003,RIM,neuron_007,neuron_015,neuron_061,neuron_064,neuron_096,URYV,neuron_118,neuron_130,neuron_004,neuron_011,AQR,RIB,VB02,neuron_134,neuron_013,neuron_017,BAG,neuron_051,neuron_074,neuron_082,neuron_098,neuron_139,neuron_046,ALA,neuron_037,neuron_048,neuron_078,neuron_132,neuron_053,neuron_128,neuron_035,neuron_083,neuron_038,AVB,neuron_047,VA02,DB01,SIAV,DA01,VB03,SIAD,VB01,neuron_086,RIA,neuron_107,neuron_022,neuron_063,neuron_092,neuron_113,neuron_071,RIS,neuron_014,neuron_068,neuron_075,neuron_081,neuron_099,neuron_108,neuron_137,neuron_065,neuron_129,VA01,DB02,neuron_008,neuron_073,neuron_093,neuron_115,neuron_127,neuron_021,neuron_032,neuron_050,neuron_095,neuron_122,neuron_056,neuron_060,neuron_010,neuron_042,neuron_066,neuron_121,neuron_133,neuron_147,neuron_001,neuron_149
ZIM2165_Gcamp7b_worm3-2022-12-05,URAD,IL2,RID,RMDV,AVA,neuron_016,SAAV,neuron_027,neuron_029,neuron_031,neuron_033,neuron_034,neuron_039,RMEV,SMDV,neuron_052,RME,SMDD,neuron_058,RIV,neuron_062,RMED,IL1,AVE,neuron_091,neuron_002,neuron_005,RIM,neuron_023,neuron_061,neuron_064,neuron_067,URYV,neuron_116,neuron_044,VB02,neuron_012,neuron_030,BAG,neuron_070,neuron_082,neuron_112,neuron_055,neuron_126,ALA,neuron_087,neuron_089,neuron_078,neuron_053,neuron_117,neuron_083,neuron_142,AVB,VA02,SIAV,DD01,VB03,SIAD,VB01,curvature_vb02,curvature_1,curvature_2,curvature_3,curvature_4,curvature_5,curvature_6,curvature_7,curvature_8,curvature_9,curvature_10,curvature_11,curvature_12,curvature_13,curvature_14,curvature_15,curvature_16,curvature_17,curvature_18,curvature_19,curvature_20,curvature_21,curvature_22,curvature_23,curvature_24,curvature_25,curvature_26,curvature_27,curvature_28,curvature_29,curvature_30,curvature_31,curvature_32,curvature_33,curvature_34,curvature_35,curvature_36,curvature_37,curvature_38,curvature_39,curvature_40,curvature_41,curvature_42,curvature_43,curvature_44,curvature_45,curvature_46,curvature_47,curvature_48,curvature_49,curvature_50,curvature_51,curvature_52,curvature_53,curvature_54,curvature_55,curvature_56,curvature_57,curvature_58,curvature_59,curvature_60,curvature_61,curvature_62,curvature_63,curvature_64,curvature_65,curvature_66,curvature_67,curvature_68,curvature_69,curvature_70,curvature_71,curvature_72,curvature_73,curvature_74,curvature_75,curvature_76,curvature_77,curvature_78,curvature_79,curvature_80,curvature_81,curvature_82,curvature_83,curvature_84,curvature_85,curvature_86,curvature_87,curvature_88,curvature_89,curvature_90,curvature_91,curvature_92,curvature_93,curvature_94,curvature_95,curvature_96,curvature_97,curvature_98,curvature_99,neuron_019,neuron_045,neuron_100,RIA,neuron_107,neuron_018,neuron_022,neuron_063,neuron_113,neuron_084,RIS,neuron_006,neuron_020,neuron_081,neuron_099,neuron_069,neuron_129,neuron_131,neuron_008,neuron_079,neuron_106,neuron_103,neuron_032,neuron_050,neuron_095,neuron_104,neuron_105,neuron_138,neuron_042,neuron_066,neuron_152,neuron_001
ZIM2165_Gcamp7b_worm3-2022-12-10,URAD,IL2,RID,RMDV,AVA,SAAV,neuron_028,URYD,neuron_031,neuron_033,neuron_039,neuron_040,neuron_043,RMEV,SMDV,RME,SMDD,RIV,neuron_062,RMED,IL1,neuron_088,neuron_002,neuron_003,RIM,neuron_015,neuron_067,URYV,neuron_111,neuron_114,neuron_118,neuron_130,neuron_044,neuron_076,AQR,RIB,VB02,neuron_012,neuron_013,BAG,neuron_074,neuron_094,neuron_112,neuron_124,neuron_025,ALA,neuron_089,neuron_144,neuron_142,AVB,neuron_054,neuron_150,VA02,DB01,SIAV,DD01,SIAD,VB01,neuron_019,neuron_041,neuron_045,neuron_080,neuron_100,RIA,neuron_107,neuron_092,neuron_113,neuron_057,RIS,neuron_006,neuron_020,neuron_075,neuron_081,neuron_140,neuron_119,neuron_026,neuron_024,neuron_129,DB02,neuron_008,neuron_073,neuron_090,neuron_021,neuron_050,neuron_104,neuron_056,neuron_151,neuron_010,neuron_156,neuron_166,neuron_042,neuron_135,neuron_158,neuron_163
ZIM2165_Gcamp7b_worm3-2022_11_28,URAD,IL2,RID,neuron_009,RMDV,AVA,neuron_016,SAAV,neuron_027,neuron_029,URYD,neuron_033,neuron_034,neuron_039,RMEV,SMDV,neuron_052,RME,SMDD,RIV,RMED,IL1,URX,RMDD,AVE,neuron_088,neuron_007,neuron_061,neuron_064,neuron_067,neuron_097,URYV,neuron_111,neuron_114,neuron_123,neuron_130,neuron_011,neuron_044,neuron_076,RIB,VB02,neuron_013,neuron_030,BAG,neuron_051,neuron_070,neuron_074,neuron_082,neuron_094,neuron_101,neuron_112,neuron_124,neuron_055,neuron_126,ALA,neuron_037,neuron_089,neuron_048,neuron_053,neuron_128,AVB,neuron_054,VA02,DB01,SIAV,DD01,SIAD,VB01,curvature_vb02,ventral_only_head_curvature,dorsal_only_head_curvature,ventral_only_body_curvature,dorsal_only_body_curvature,head_signed_curvature,summed_curvature,worm_nose_peak_frequency,worm_head_peak_frequency,worm_body_peak_frequency,curvature_1,curvature_2,curvature_3,curvature_4,curvature_5,curvature_6,curvature_7,curvature_8,curvature_9,curvature_10,curvature_11,curvature_12,curvature_13,curvature_14,curvature_15,curvature_16,curvature_17,curvature_18,curvature_19,curvature_20,curvature_21,curvature_22,curvature_23,curvature_24,curvature_25,curvature_26,curvature_27,curvature_28,curvature_29,curvature_30,curvature_31,curvature_32,curvature_33,curvature_34,curvature_35,curvature_36,curvature_37,curvature_38,curvature_39,curvature_40,curvature_41,curvature_42,curvature_43,curvature_44,curvature_45,curvature_46,curvature_47,curvature_48,curvature_49,curvature_50,curvature_51,curvature_52,curvature_53,curvature_54,curvature_55,curvature_56,curvature_57,curvature_58,curvature_59,curvature_60,curvature_61,curvature_62,curvature_63,curvature_64,curvature_65,curvature_66,curvature_67,curvature_68,curvature_69,curvature_70,curvature_71,curvature_72,curvature_73,curvature_74,curvature_75,curvature_76,curvature_77,curvature_78,curvature_79,curvature_80,curvature_81,curvature_82,curvature_83,curvature_84,curvature_85,curvature_86,curvature_87,curvature_88,curvature_89,curvature_90,curvature_91,curvature_92,curvature_93,curvature_94,curvature_95,curvature_96,curvature_97,curvature_98,curvature_99,neuron_019,neuron_041,neuron_045,neuron_080,neuron_086,RIA,neuron_018,neuron_092,neuron_072,neuron_084,RIS,neuron_109,neuron_120,neuron_014,neuron_140,neuron_026,neuron_125,neuron_069,neuron_146,VA01,DB02,neuron_036,neuron_073,neuron_079,neuron_090,neuron_021,neuron_050,neuron_095,neuron_104,neuron_105,neuron_122,neuron_060,neuron_010,neuron_138,neuron_066,neuron_135
ZIM2165_Gcamp7b_worm4-2022-12-10,URAD,IL2,RID,RMDV,AVA,neuron_027,URYD,neuron_033,neuron_043,RMEV,SMDV,RME,SMDD,RIV,neuron_062,RMED,IL1,URX,RMDD,AVE,neuron_085,neuron_088,neuron_091,neuron_007,neuron_023,neuron_049,neuron_061,neuron_097,URYV,neuron_110,neuron_111,neuron_114,neuron_116,neuron_130,neuron_044,AQR,VB02,neuron_134,neuron_013,neuron_017,BAG,neuron_051,neuron_070,neuron_074,neuron_098,neuron_112,neuron_139,neuron_046,neuron_126,ALA,neuron_037,neuron_048,neuron_144,neuron_035,neuron_083,neuron_143,neuron_038,AVB,neuron_150,SIAV,SIAD,neuron_080,neuron_086,neuron_100,RIA,neuron_018,neuron_022,neuron_063,neuron_077,neuron_092,neuron_057,neuron_072,neuron_084,RIS,neuron_014,neuron_068,neuron_099,neuron_140,neuron_065,neuron_026,neuron_024,neuron_036,neuron_079,neuron_127,neuron_032,neuron_104,neuron_060,neuron_010,neuron_138,neuron_154,neuron_066,AWB,neuron_162,neuron_167,neuron_135,neuron_163,neuron_153,neuron_168
ZIM2165_Gcamp7b_worm4-2022_11_28,URAD,IL2,RID,RMDV,AVA,neuron_016,SAAV,URYD,neuron_033,neuron_043,RMEV,SMDV,neuron_052,RME,SMDD,RIV,RMED,URX,RMDD,neuron_088,neuron_005,neuron_015,neuron_049,neuron_061,neuron_067,neuron_096,URYV,neuron_110,neuron_114,neuron_123,neuron_004,AQR,VB02,neuron_134,neuron_013,neuron_030,BAG,neuron_059,neuron_070,neuron_074,neuron_082,neuron_101,neuron_112,neuron_124,neuron_025,neuron_055,ALA,neuron_048,neuron_132,neuron_053,neuron_144,neuron_083,neuron_038,AVB,neuron_054,neuron_047,VA02,DB01,SIAV,speed,neuron_019,neuron_100,RIA,neuron_107,neuron_018,neuron_077,neuron_092,neuron_057,neuron_071,neuron_084,RIS,neuron_014,neuron_068,neuron_075,neuron_081,neuron_108,neuron_137,neuron_065,neuron_026,neuron_131,DB02,neuron_073,neuron_079,neuron_106,neuron_090,neuron_115,neuron_032,neuron_050,neuron_095,neuron_104,neuron_105,neuron_122,neuron_056,neuron_010,neuron_138,neuron_042
ZIM2165_Gcamp7b_worm5-2022-12-10,URAD,IL2,RID,RMDV,AVA,neuron_016,SAAV,neuron_027,neuron_029,URYD,neuron_031,neuron_033,neuron_040,RMEV,SMDV,RME,SMDD,RIV,neuron_062,IL1,URX,RMDD,AVE,neuron_002,neuron_003,neuron_005,RIM,neuron_007,neuron_061,neuron_067,URYV,neuron_114,neuron_116,neuron_011,neuron_044,neuron_076,VB02,neuron_134,neuron_012,neuron_017,BAG,neuron_051,neuron_059,neuron_070,neuron_074,neuron_098,neuron_139,neuron_141,neuron_025,neuron_046,ALA,neuron_087,neuron_078,neuron_132,neuron_035,neuron_117,neuron_083,neuron_143,neuron_038,AVB,neuron_054,neuron_047,SIAV,DD01,DA01,speed,neuron_080,neuron_100,RIA,neuron_077,neuron_057,neuron_071,neuron_072,neuron_084,RIS,neuron_109,neuron_120,neuron_006,neuron_014,neuron_020,neuron_075,neuron_099,neuron_108,neuron_136,neuron_140,neuron_065,neuron_119,neuron_026,neuron_125,neuron_024,neuron_069,neuron_131,VA01,DB02,neuron_008,neuron_073,neuron_079,neuron_090,neuron_103,neuron_115,neuron_127,neuron_032,neuron_122,neuron_151,neuron_060,neuron_010,neuron_138,neuron_148,neuron_042,neuron_066,neuron_133,neuron_135,neuron_152,neuron_001,neuron_149
ZIM2165_Gcamp7b_worm5-2022_11_28,URAD,IL2,RID,neuron_009,RMDV,AVA,neuron_016,SAAV,neuron_028,neuron_029,URYD,neuron_031,neuron_033,RMEV,SMDV,RME,SMDD,neuron_058,RIV,RMED,IL1,URX,RMDD,AVE,neuron_085,neuron_091,neuron_049,neuron_096,neuron_097,URYV,neuron_110,neuron_118,AQR,RIB,VB02,neuron_012,neuron_013,neuron_017,BAG,neuron_051,neuron_059,neuron_082,neuron_101,neuron_112,neuron_124,neuron_046,neuron_055,neuron_126,ALA,neuron_089,neuron_048,neuron_078,neuron_128,AVB,neuron_054,neuron_047,SIAV,SIAD,neuron_080,RIA,neuron_018,neuron_022,neuron_077,neuron_092,neuron_072,RIS,neuron_120,neuron_014,neuron_099,neuron_065,neuron_026,neuron_024,neuron_008,neuron_073,neuron_106,neuron_090,neuron_093,neuron_115,neuron_021,neuron_050,neuron_095,neuron_122,neuron_056,neuron_060,neuron_121,neuron_135,neuron_001
ZIM2165_Gcamp7b_worm6-2022-12-10,URAD,IL2,RID,neuron_009,RMDV,AVA,neuron_016,SAAV,neuron_027,neuron_028,URYD,neuron_033,neuron_034,neuron_040,neuron_043,RMEV,SMDV,neuron_052,RME,SMDD,neuron_058,RMED,IL1,URX,AVE,neuron_088,neuron_003,RIM,neuron_007,neuron_015,neuron_061,neuron_064,URYV,neuron_110,neuron_114,neuron_116,neuron_123,neuron_004,neuron_044,neuron_076,AQR,VB02,neuron_030,BAG,neuron_059,neuron_070,neuron_074,neuron_082,neuron_094,neuron_098,neuron_101,neuron_112,neuron_141,neuron_025,ALA,neuron_037,neuron_089,neuron_078,neuron_132,neuron_035,neuron_083,neuron_145,neuron_142,AVB,neuron_047,SIAV,DD01,DA01,VB03,SIAD,neuron_157,neuron_086,neuron_100,RIA,neuron_107,neuron_022,neuron_063,neuron_092,neuron_057,neuron_084,RIS,neuron_120,neuron_014,neuron_020,neuron_068,neuron_081,neuron_108,neuron_065,neuron_102,neuron_024,neuron_069,neuron_036,neuron_079,neuron_090,neuron_103,neuron_115,neuron_104,neuron_105,neuron_056,neuron_060,neuron_154,neuron_156,neuron_121,neuron_133,neuron_162,neuron_153,neuron_001,neuron_149
ZIM2165_Gcamp7b_worm6-2022_11_28,URAD,IL2,RID,RMDV,AVA,SAAV,neuron_027,neuron_028,neuron_029,URYD,neuron_034,neuron_039,neuron_040,neuron_043,SMDV,neuron_052,RME,SMDD,neuron_058,RIV,RMED,IL1,URX,RMDD,neuron_088,neuron_003,neuron_005,RIM,neuron_007,neuron_023,neuron_096,neuron_097,URYV,neuron_110,neuron_118,neuron_130,AQR,RIB,VB02,neuron_017,BAG,neuron_051,neuron_059,neuron_074,neuron_094,neuron_098,neuron_101,neuron_124,neuron_141,neuron_025,neuron_055,neuron_126,ALA,neuron_087,neuron_048,neuron_144,neuron_083,neuron_145,neuron_038,AVB,VA02,SIAV,DA01,VB03,neuron_157,VB01,neuron_019,neuron_045,neuron_100,RIA,neuron_107,neuron_018,neuron_077,neuron_113,neuron_071,neuron_072,neuron_084,RIS,neuron_006,neuron_075,neuron_081,neuron_099,neuron_137,neuron_065,neuron_102,neuron_069,neuron_129,neuron_131,DB02,neuron_079,neuron_093,neuron_103,neuron_115,neuron_021,neuron_151,neuron_060,neuron_160,neuron_042,neuron_066,neuron_121,AWB,neuron_135,neuron_158,neuron_153,neuron_001,neuron_149
ZIM2165_Gcamp7b_worm7-2022-12-10,URAD,IL2,RID,RMDV,AVA,neuron_016,SAAV,URYD,neuron_033,neuron_034,RMEV,SMDV,neuron_052,RME,SMDD,neuron_058,RIV,RMED,IL1,RMDD,AVE,neuron_088,neuron_091,RIM,neuron_007,neuron_023,neuron_067,neuron_096,URYV,neuron_110,neuron_114,neuron_116,neuron_118,neuron_123,neuron_004,neuron_076,RIB,VB02,neuron_012,neuron_030,BAG,neuron_051,neuron_059,neuron_070,neuron_082,neuron_094,neuron_101,neuron_124,neuron_139,neuron_141,ALA,neuron_037,neuron_089,neuron_048,neuron_132,neuron_053,neuron_128,neuron_035,neuron_142,neuron_143,AVB,SIAV,DA01,VB03,SIAD,VB01,neuron_041,neuron_086,RIA,neuron_018,neuron_063,neuron_092,neuron_057,neuron_084,RIS,neuron_120,neuron_006,neuron_014,neuron_020,neuron_140,neuron_065,neuron_102,neuron_026,neuron_024,neuron_069,neuron_129,neuron_131,DB02,neuron_008,neuron_073,neuron_079,neuron_090,neuron_093,neuron_127,neuron_032,neuron_050,neuron_095,neuron_122,neuron_060,neuron_138,neuron_148,neuron_155,neuron_066,neuron_147,neuron_001
ZIM2165_Gcamp7b_worm8-2022-12-10,URAD,IL2,RID,RMDV,AVA,SAAV,neuron_028,neuron_029,URYD,neuron_031,neuron_033,RMEV,SMDV,neuron_052,RME,SMDD,neuron_058,RIV,RMED,IL1,URX,RMDD,AVE,neuron_085,neuron_088,neuron_091,neuron_002,RIM,neuron_007,neuron_023,neuron_049,neuron_061,neuron_064,neuron_096,neuron_097,URYV,neuron_114,neuron_116,neuron_130,neuron_004,AQR,VB02,neuron_134,neuron_012,neuron_017,BAG,neuron_098,neuron_101,neuron_025,neuron_046,neuron_055,ALA,neuron_037,neuron_089,neuron_078,neuron_144,neuron_117,neuron_083,neuron_145,AVB,DB01,SIAV,DD01,DA01,VB03,neuron_157,VB01,RIA,neuron_107,neuron_018,neuron_063,neuron_092,neuron_113,neuron_071,neuron_084,RIS,neuron_006,neuron_075,neuron_108,neuron_136,neuron_140,neuron_119,neuron_026,neuron_125,neuron_024,neuron_131,VA01,DB02,neuron_106,neuron_093,neuron_021,neuron_105,neuron_056,neuron_156,neuron_042,neuron_121,neuron_001
ZIM2165_Gcamp7b_worm9-2022-12-05,URAD,IL2,RID,RMDV,AVA,SAAV,neuron_027,neuron_029,URYD,neuron_031,neuron_034,neuron_039,RMEV,SMDV,neuron_052,RME,SMDD,neuron_058,RIV,neuron_062,RMED,IL1,URX,RMDD,AVE,neuron_085,neuron_091,neuron_002,RIM,neuron_007,neuron_049,neuron_064,neuron_097,URYV,neuron_116,neuron_004,neuron_076,AQR,VB02,neuron_012,neuron_013,neuron_030,BAG,neuron_051,neuron_070,neuron_074,neuron_094,neuron_098,neuron_101,neuron_112,neuron_124,neuron_139,neuron_141,neuron_046,ALA,neuron_087,neuron_089,neuron_053,neuron_144,neuron_035,neuron_083,neuron_142,neuron_038,AVB,neuron_054,SIAV,DD01,SIAD,VB01,curvature_vb02,ventral_only_head_curvature,dorsal_only_head_curvature,ventral_only_body_curvature,dorsal_only_body_curvature,head_signed_curvature,summed_curvature,worm_nose_peak_frequency,worm_head_peak_frequency,worm_body_peak_frequency,curvature_1,curvature_2,curvature_3,curvature_4,curvature_5,curvature_6,curvature_7,curvature_8,curvature_9,curvature_10,curvature_11,curvature_12,curvature_13,curvature_14,curvature_15,curvature_16,curvature_17,curvature_18,curvature_19,curvature_20,curvature_21,curvature_22,curvature_23,curvature_24,curvature_25,curvature_26,curvature_27,curvature_28,curvature_29,curvature_30,curvature_31,curvature_32,curvature_33,curvature_34,curvature_35,curvature_36,curvature_37,curvature_38,curvature_39,curvature_40,curvature_41,curvature_42,curvature_43,curvature_44,curvature_45,curvature_46,curvature_47,curvature_48,curvature_49,curvature_50,curvature_51,curvature_52,curvature_53,curvature_54,curvature_55,curvature_56,curvature_57,curvature_58,curvature_59,curvature_60,curvature_61,curvature_62,curvature_63,curvature_64,curvature_65,curvature_66,curvature_67,curvature_68,curvature_69,curvature_70,curvature_71,curvature_72,curvature_73,curvature_74,curvature_75,curvature_76,curvature_77,curvature_78,curvature_79,curvature_80,curvature_81,curvature_82,curvature_83,curvature_84,curvature_85,curvature_86,curvature_87,curvature_88,curvature_89,curvature_90,curvature_91,curvature_92,curvature_93,curvature_94,curvature_95,curvature_96,curvature_97,curvature_98,curvature_99,neuron_019,neuron_041,neuron_086,RIA,neuron_022,neuron_092,RIS,neuron_109,neuron_120,neuron_006,neuron_068,neuron_075,neuron_099,neuron_108,neuron_140,neuron_065,neuron_102,neuron_125,neuron_131,DB02,neuron_073,neuron_090,neuron_103,neuron_021,neuron_032,neuron_050,neuron_095,neuron_105,neuron_056,neuron_060,neuron_010,neuron_042,neuron_066,neuron_121,AWB,neuron_001,neuron_149
